学校编号,学校名字,篮球,4x100米接力,800米赛跑,1000米赛跑,铅球,羽毛球双打,400米赛跑,50米赛跑,三级跳,举重,羽毛球单打,200米赛跑,跳远,棒球,跳高,乒乓球,足球,100米赛跑,橄榄球,网球,铅球,篮球,4x100米接力,400米赛跑,举重,200米赛跑,100米赛跑
0,重庆大学,78,56,47,18,86,13,33,54,70,93,67,35,47,8,96,39,61,68,92,10,65,75,71,38,63,27,7
1,江苏大学,27,76,70,9,20,64,55,4,94,10,91,70,19,49,48,46,49,62,81,74,59,39,69,62,54,41,91
2,长江大学,0,97,35,93,22,80,94,65,29,54,11,72,83,39,32,92,59,90,12,33,96,25,77,9,44,11,96
3,山东大学,81,100,24,61,20,50,79,16,51,72,59,17,22,3,38,19,99,5,89,91,28,77,25,80,77,19,96
4,西华大学,56,90,8,80,79,46,77,45,87,24,38,83,82,0,91,83,20,83,38,5,78,55,100,50,96,79,48
5,湘潭大学,69,7,76,63,7,22,64,41,49,16,100,81,50,78,51,51,34,60,1,82,9,38,48,45,76,11,60
6,青岛大学,88,49,96,76,67,86,74,1,10,87,17,86,32,64,20,36,48,100,24,11,50,54,25,21,67,59,12
7,华南农业大学,42,70,22,57,12,21,32,42,22,29,22,77,92,35,1,43,48,16,72,84,77,87,55,6,85,2,59
8,合肥工业大学,58,100,51,60,56,49,52,31,58,36,47,14,69,28,64,22,35,35,21,25,4,44,88,12,42,57,55
9,洛阳师范学院,91,68,60,92,6,40,35,42,35,57,11,29,62,59,24,7,30,29,86,24,5,36,11,3,12,59,36
10,山东中医药大学,15,67,36,15,42,96,25,11,74,55,39,84,50,27,91,66,70,79,95,27,11,51,35,10,74,66,27
11,重庆师范大学,8,63,70,92,87,94,60,42,63,7,74,0,12,27,68,3,60,41,79,34,78,79,4,70,77,1,5
12,沈阳航空航天大学,86,90,84,62,55,71,53,76,70,55,91,71,14,68,52,33,22,3,2,45,51,92,25,87,28,51,47
13,北京大学,3,17,96,81,72,9,68,97,4,0,85,95,13,3,37,57,46,13,87,53,85,86,54,54,7,78,39
14,安徽农业大学,89,52,49,40,95,22,3,64,19,52,88,80,91,86,49,82,13,13,24,16,33,84,74,28,71,23,9
15,扬州大学,15,68,6,47,74,91,9,99,43,69,79,94,97,79,23,51,94,60,25,52,3,12,70,11,22,62,88
16,汕头大学,89,47,87,58,61,17,86,75,33,39,74,31,23,100,80,41,96,90,2,54,88,73,16,80,8,36,92
17,太原科技大学,62,16,31,20,97,69,7,70,69,0,70,80,67,68,92,15,82,70,50,50,25,5,97,9,24,77,52
18,南方医科大学,31,15,11,64,70,93,41,22,28,79,52,99,10,3,34,74,96,67,100,66,7,51,54,32,60,44,39
19,山西医科大学,50,24,83,46,24,72,97,60,20,75,13,38,11,17,6,15,82,16,66,37,91,79,54,98,62,4,41
20,常熟理工学院,81,45,10,89,11,97,1,46,33,96,77,25,73,81,91,70,10,80,0,82,82,86,32,76,57,40,54
21,东北师范大学,76,74,83,40,90,39,91,49,14,7,52,35,25,13,25,37,73,44,18,61,94,68,11,22,79,61,85
22,中国药科大学,50,82,49,24,93,93,62,93,52,85,10,95,90,100,90,34,28,46,77,86,51,11,46,64,95,5,19
23,中北大学,10,63,97,66,60,43,44,66,15,10,72,2,41,31,12,27,27,15,51,11,38,80,53,42,94,32,36
24,昆明理工大学,53,99,78,55,73,59,24,76,99,27,95,19,15,20,1,85,94,37,20,56,29,45,98,25,54,96,38
25,山东财经大学,2,15,63,86,90,43,58,49,33,29,77,65,85,36,56,69,23,44,35,22,81,71,40,20,70,4,28
26,大连海洋大学,12,97,62,97,93,69,51,15,70,20,50,74,2,58,73,85,27,32,87,4,38,49,12,14,52,78,100
27,广西民族大学,22,12,98,72,41,36,14,74,92,77,94,82,97,73,3,22,30,85,42,15,16,90,95,63,18,62,80
28,江西理工大学,63,73,86,1,32,77,55,49,90,35,73,14,100,63,8,100,9,98,99,31,25,24,27,46,89,32,44
29,贵州医科大学,47,66,39,74,94,18,1,82,27,47,72,18,13,96,77,14,72,71,38,37,38,69,91,75,39,79,75
30,首都医科大学,5,65,47,49,10,61,18,96,68,1,40,54,9,47,35,41,5,23,12,73,23,43,50,47,94,42,69
31,天津科技大学,65,63,91,79,75,58,18,18,7,90,80,34,51,46,98,83,35,86,79,16,46,80,80,80,50,38,5
32,陕西科技大学,47,54,36,3,96,54,58,20,11,90,20,94,19,13,57,45,96,0,60,96,47,5,96,69,57,77,12
33,浙江理工大学,38,17,66,32,92,76,29,17,94,42,45,91,39,2,28,93,61,50,77,43,35,61,42,98,16,75,69
34,沈阳药科大学,34,3,50,49,68,55,40,44,58,60,3,2,81,61,86,82,42,24,98,11,41,75,9,78,66,49,36
35,重庆工商大学,26,65,41,73,37,34,45,16,9,72,53,76,23,52,14,14,91,63,95,59,86,70,11,6,15,22,86
36,集美大学,49,7,51,90,63,5,90,64,93,74,98,55,2,61,6,26,2,66,65,11,28,56,14,9,69,96,44
37,广州医科大学,51,73,39,43,37,33,26,27,38,73,87,42,30,56,40,36,12,59,88,6,1,50,48,43,58,96,66
38,江苏师范大学,98,66,0,92,0,78,95,53,90,41,33,75,33,70,47,9,62,4,37,21,51,75,48,69,61,48,86
39,浙江农林大学,67,19,96,79,42,52,75,64,60,4,45,31,87,31,20,31,76,43,36,62,87,82,27,22,99,20,81
40,中国矿业大学,14,25,20,63,45,42,31,67,36,6,91,18,38,52,11,74,59,94,50,17,18,1,88,99,57,59,80
41,福建农林大学,64,51,31,76,76,85,23,31,98,64,56,78,35,91,66,79,28,45,49,36,14,87,75,84,29,66,16
42,西北大学,90,14,82,88,12,51,53,100,63,53,100,25,99,71,3,92,86,73,43,19,70,14,26,68,11,18,66
43,鲁东大学,89,3,62,31,19,50,96,41,53,95,99,17,15,51,70,32,35,24,76,26,84,1,46,58,11,46,49
44,河北医科大学,43,21,82,79,36,10,32,38,46,49,29,54,92,37,14,70,80,34,32,60,54,86,56,100,62,50,11
45,安徽医科大学,91,87,92,62,37,7,85,52,36,13,73,61,19,29,38,6,80,15,59,9,23,71,14,80,26,17,40
46,南昌航空大学,27,67,80,41,39,66,0,71,80,96,80,0,12,55,68,82,46,91,79,82,31,41,73,20,89,31,6
47,北京理工大学,98,59,87,51,77,12,27,56,9,96,4,1,12,28,24,63,19,15,29,54,80,92,1,88,19,12,65
48,西安石油大学,87,48,36,97,19,28,52,58,13,25,45,100,18,99,0,34,83,9,82,89,96,32,98,4,45,5,52
49,广州大学,31,31,3,76,86,42,81,96,66,28,85,55,11,42,36,62,90,48,54,53,81,0,11,73,15,48,34
50,上海电力学院,38,54,86,39,3,69,89,58,54,72,86,37,46,68,49,50,0,59,78,33,60,69,42,77,30,80,47
51,河海大学,53,91,45,85,49,93,17,80,76,75,32,44,44,78,91,65,59,33,48,15,4,75,67,63,69,38,71
52,苏州科技学院,52,69,41,80,45,65,32,44,90,96,12,90,44,70,61,52,73,21,92,75,76,96,9,0,38,22,77
53,青岛农业大学,15,75,42,31,45,96,70,45,41,35,67,85,53,81,67,72,7,12,39,15,8,83,9,82,23,92,63
54,广东海洋大学,29,51,31,54,11,18,12,6,75,90,23,20,91,70,17,11,70,26,84,0,81,83,31,94,98,42,81
55,天津师范大学,79,39,77,82,52,10,10,51,15,37,81,43,13,72,13,39,5,94,38,33,61,0,56,97,35,33,40
56,曲阜师范大学,68,27,77,94,85,84,28,25,65,0,32,34,1,77,27,65,0,76,27,6,9,56,79,24,19,74,67
57,中国农业大学,51,81,3,27,25,15,50,34,93,70,88,4,64,48,21,57,55,61,90,13,86,16,27,17,57,1,78
58,西北工业大学,23,5,6,31,92,84,11,21,57,65,94,89,15,76,21,42,6,13,12,59,24,43,67,64,85,62,32
59,大连交通大学,39,81,55,75,36,8,54,9,38,1,28,74,15,81,5,57,70,33,47,77,33,44,53,13,50,20,27
60,桂林理工大学,63,53,11,67,52,31,62,36,81,88,32,60,8,72,81,47,84,69,38,3,11,13,61,99,100,77,74
61,广东医学院,51,7,30,41,99,67,98,57,67,86,20,40,18,56,3,33,31,90,25,48,38,46,69,21,87,11,76
62,兰州理工大学,11,1,37,19,62,22,74,69,51,16,67,40,27,76,45,44,21,84,51,37,98,76,43,99,18,53,90
63,四川农业大学,62,64,4,20,79,83,96,44,65,34,22,89,0,47,49,12,34,90,94,39,99,100,83,57,60,32,2
64,西南科技大学,15,8,97,60,60,96,71,96,15,86,59,87,24,86,44,87,40,46,65,80,65,4,57,46,65,90,70
65,四川师范大学,77,8,43,25,9,8,58,75,30,56,100,98,7,25,23,60,90,12,4,53,40,85,38,57,25,63,34
66,广西师范大学,12,53,53,73,79,39,82,31,75,19,81,88,6,81,81,16,0,76,48,66,85,33,37,47,80,18,87
67,厦门大学,13,52,48,32,39,0,10,90,54,58,86,11,26,6,56,55,16,77,67,72,59,40,78,11,35,25,74
68,东北林业大学,49,8,80,3,62,84,66,75,71,18,0,75,14,34,96,54,99,61,30,67,34,36,60,25,68,31,85
69,中南民族大学,46,66,74,34,23,98,75,21,39,2,59,88,30,39,74,53,15,85,18,29,32,1,8,51,19,92,71
70,淮阴师范学院,97,60,27,27,16,70,93,34,56,50,14,86,86,78,25,73,75,28,25,14,16,29,13,7,26,94,72
71,沈阳工业大学,22,18,34,92,21,36,78,42,0,11,18,51,81,99,62,3,23,66,100,27,36,56,99,0,83,28,50
72,山东建筑大学,90,52,3,10,95,47,31,54,49,71,53,95,44,36,22,44,14,54,6,52,8,71,96,87,85,98,50
73,中国人民大学,83,66,75,20,95,13,51,7,81,47,1,78,29,19,59,53,34,3,48,31,88,19,18,84,91,6,81
74,山西农业大学,13,1,16,91,71,64,2,76,78,39,64,63,74,33,91,65,80,94,32,31,17,40,10,34,82,88,5
75,华南师范大学,41,51,84,63,64,95,33,30,69,4,50,98,10,73,72,86,11,29,55,43,43,73,25,42,13,8,56
76,华东师范大学,11,89,95,90,8,11,96,1,9,28,35,88,96,77,5,47,51,11,59,28,43,57,19,66,29,13,31
77,首都师范大学,43,81,77,51,46,71,6,30,10,96,50,31,40,98,1,30,97,88,10,60,92,60,45,13,30,42,80
78,浙江师范大学,40,33,50,42,67,72,46,5,8,79,62,29,94,1,49,27,70,47,63,93,39,85,97,78,82,17,2
79,长春大学,70,83,20,10,51,72,55,56,88,23,12,67,21,94,10,68,61,55,45,10,45,99,71,36,72,48,12
80,江苏科技大学,85,16,5,98,86,39,97,46,72,19,99,67,23,32,57,15,1,47,6,58,13,85,28,76,38,25,6
81,成都理工大学,21,15,23,43,23,13,81,53,75,73,80,96,30,4,6,93,81,88,92,78,57,36,29,35,80,3,19
82,中国民航大学,79,26,71,7,79,98,9,51,79,58,24,83,80,42,41,2,66,39,16,11,9,42,66,15,46,35,97
83,绍兴文理学院,94,86,90,62,57,1,57,68,9,31,86,12,82,75,44,80,2,97,4,85,60,29,46,57,28,3,72
84,河南理工大学,68,49,60,73,79,90,76,37,10,72,61,13,88,22,48,76,53,35,49,39,58,57,66,13,40,93,29
85,黑龙江大学,2,75,84,100,56,59,18,34,88,99,43,90,89,87,41,65,82,55,93,82,39,0,83,82,20,69,2
86,蚌埠医学院,41,21,12,69,81,45,70,79,89,31,86,60,30,12,87,78,86,77,28,28,85,9,48,64,48,38,28
87,西南民族大学,12,92,8,67,99,94,61,10,61,68,22,76,100,79,99,20,18,86,43,14,11,51,49,10,16,35,59
88,华东理工大学,58,11,72,0,84,4,48,60,26,98,57,23,5,92,18,20,79,3,85,71,75,94,65,88,54,7,49
89,山西大学,99,98,3,78,45,32,18,89,57,15,37,31,42,89,50,19,13,11,61,37,92,96,46,39,93,6,83
90,山东工商学院,16,55,71,73,27,84,35,88,94,37,43,53,45,77,35,52,24,66,11,44,56,61,40,16,76,19,19
91,西北师范大学,93,5,87,22,38,31,7,10,71,5,41,37,81,50,23,45,72,13,38,91,98,69,62,82,95,30,27
92,北京信息科技大学,58,62,92,68,61,58,48,47,18,41,30,97,76,87,32,22,87,45,7,93,45,5,35,36,77,94,60
93,广东药学院,34,100,54,14,85,15,64,22,70,15,74,12,49,0,93,13,80,26,20,92,30,13,63,51,27,63,29
94,安徽工业大学,71,7,83,73,60,56,64,35,53,15,53,26,15,44,20,70,10,77,45,70,59,29,87,26,30,59,100
95,燕山大学,23,32,22,81,79,26,5,16,43,100,99,25,18,97,34,85,68,39,39,85,4,47,35,14,28,71,34
96,福州大学,91,32,77,34,82,76,46,50,17,30,22,15,0,6,45,63,77,19,14,33,11,64,32,8,55,60,100
97,华中农业大学,47,91,49,77,10,20,96,2,37,40,91,97,10,46,12,19,49,85,61,62,100,45,78,58,36,66,4
98,华中师范大学,39,91,56,56,55,10,28,36,66,99,88,13,100,99,86,86,54,87,90,97,11,79,66,10,13,87,98
99,西安电子科技大学,95,59,3,72,5,17,81,64,10,1,35,55,33,41,10,38,81,47,29,73,8,51,59,49,32,48,21
100,西南交通大学,67,69,32,51,37,14,88,52,43,0,100,23,27,66,91,54,56,28,7,74,17,13,33,14,63,10,86
101,山西大同大学,100,5,11,20,4,80,7,11,5,22,74,27,22,55,93,58,57,50,35,48,55,78,24,76,68,51,3
102,华侨大学,89,65,7,22,31,95,22,49,42,100,86,63,1,53,80,25,99,64,91,95,99,91,87,68,70,86,35
103,中央民族大学,69,87,27,42,86,36,7,41,83,14,18,56,95,43,95,1,11,65,30,14,74,79,11,8,20,97,25
104,陕西师范大学,96,12,51,10,6,39,12,74,9,14,47,14,37,34,39,41,46,29,100,74,94,8,94,2,67,83,25
105,河南科技大学,21,37,0,84,61,49,13,24,24,56,87,95,60,35,39,30,37,4,8,14,67,96,9,1,19,34,90
106,太原理工大学,28,80,54,65,36,0,84,6,12,99,2,11,64,4,13,10,5,91,68,74,84,88,96,43,94,72,79
107,上海中医药大学,44,23,58,89,10,71,34,35,30,17,85,69,98,90,68,2,9,39,99,33,58,67,88,86,17,94,42
108,上海海洋大学,69,42,53,50,88,4,70,63,91,58,75,9,29,97,38,39,27,94,64,24,88,52,86,96,4,31,46
109,沈阳建筑大学,11,65,68,93,79,43,52,64,19,64,93,77,37,45,1,6,53,44,35,98,58,35,19,89,52,10,43
110,南京信息工程大学,87,10,13,52,61,20,51,42,29,93,9,36,11,47,15,67,41,99,68,35,91,26,62,84,97,42,75
111,天津工业大学,29,32,8,56,21,30,96,23,55,78,99,48,72,22,63,76,6,25,60,45,20,3,92,79,82,58,100
112,南京中医药大学,10,52,2,67,99,27,47,67,32,39,33,26,97,47,39,62,61,11,68,67,16,5,40,39,32,11,72
113,郑州大学,95,16,52,97,72,41,65,49,62,78,1,20,68,100,85,23,62,14,78,60,75,69,64,81,60,82,29
114,浙江大学,44,41,67,71,43,93,12,13,69,79,82,100,2,73,34,13,74,1,53,43,86,61,9,38,77,97,42
115,潍坊医学院,34,38,83,46,32,48,96,1,67,45,53,99,17,35,44,50,78,70,95,80,40,21,47,68,34,38,33
116,重庆邮电大学,50,33,5,55,83,51,21,32,53,49,58,21,57,82,39,54,30,13,54,21,14,95,54,12,34,94,72
117,常州大学,89,58,26,19,36,94,53,84,53,66,53,83,30,71,15,2,54,69,85,22,91,51,57,87,59,92,5
118,上海应用技术学院,57,55,87,2,2,24,75,50,38,95,46,33,98,38,60,49,53,52,76,69,82,72,30,74,29,47,59
119,北京联合大学,93,10,6,47,14,86,60,88,62,59,47,6,87,10,93,74,66,100,3,98,13,28,37,46,71,76,27
120,烟台大学,78,23,27,73,18,45,64,65,3,13,12,13,17,49,66,75,94,54,13,60,5,64,56,29,96,55,96
121,青岛理工大学,2,65,82,81,74,94,72,20,58,80,45,5,16,34,82,37,99,14,94,1,97,58,99,67,55,18,29
122,云南农业大学,29,92,82,68,19,8,53,10,22,6,3,94,32,95,33,41,1,44,39,29,39,79,71,65,97,35,10
123,五邑大学,41,91,7,3,19,87,69,99,88,32,31,90,92,36,18,33,91,61,40,5,18,58,63,76,22,3,50
124,中国石油大学,43,57,11,80,60,27,24,38,71,74,82,62,12,26,56,93,21,44,3,57,7,79,34,23,25,72,100
125,中国海洋大学,79,63,74,52,7,69,0,93,86,21,73,82,67,77,13,19,49,39,39,21,50,20,11,89,26,16,90
126,北京科技大学,38,45,75,86,34,98,34,77,68,1,64,8,50,62,33,6,0,51,5,100,45,83,2,68,68,92,8
127,武汉大学,1,36,81,5,25,20,70,58,19,93,69,6,98,73,11,56,2,0,76,13,54,47,32,57,18,14,99
128,湖南工业大学,58,71,44,71,17,64,40,24,57,24,64,23,36,77,49,33,69,67,28,43,72,0,71,24,68,61,84
129,哈尔滨理工大学,55,58,83,88,19,19,65,17,42,50,43,91,15,81,2,9,56,61,41,92,16,46,49,58,22,6,21
130,北京石油化工学院,42,73,2,71,53,1,87,88,8,61,15,33,72,26,59,31,95,69,97,96,10,34,56,70,64,22,89
131,西安交通大学,4,92,17,84,17,46,96,96,24,37,84,93,96,46,5,7,86,5,87,56,67,28,85,88,52,38,54
132,石家庄铁道大学,27,18,11,98,5,88,79,30,22,3,69,33,16,82,43,48,63,46,92,25,36,70,4,49,26,45,12
133,南开大学,46,34,17,11,69,30,98,67,2,4,65,42,89,63,11,22,96,20,92,46,4,77,60,62,87,4,51
134,暨南大学,91,4,27,69,95,40,30,46,3,51,27,14,69,46,57,65,0,92,88,12,93,14,19,74,64,94,8
135,浙江海洋学院,7,92,30,62,98,43,23,72,47,66,84,59,28,39,82,68,26,66,20,79,3,18,13,40,6,85,69
136,北京林业大学,27,31,93,22,32,1,22,95,19,9,65,66,57,4,2,31,52,62,31,75,73,42,97,83,39,23,98
137,重庆医科大学,18,22,88,23,9,5,76,13,39,19,69,39,29,32,78,52,31,42,91,17,10,96,45,19,8,20,85
138,西南大学,82,1,28,49,63,45,88,31,60,29,8,85,84,31,10,13,98,98,42,16,28,59,31,45,37,34,76
139,辽宁石油化工大学,92,47,52,24,99,65,65,81,77,27,40,98,0,42,62,91,8,39,53,48,86,74,67,27,4,7,62
140,湖南大学,96,0,2,75,91,47,25,48,94,97,73,52,87,76,78,31,97,98,15,38,58,30,99,5,20,39,9
141,华北电力大学,34,21,27,44,44,44,78,80,15,19,84,54,13,2,40,76,4,80,49,0,50,12,36,34,78,59,25
142,兰州交通大学,21,79,81,28,99,21,43,24,95,52,28,68,83,86,32,57,100,70,78,77,93,32,13,48,33,83,54
143,河北农业大学,54,32,39,92,70,48,22,75,60,53,84,84,63,39,20,2,29,52,17,41,40,93,11,99,22,25,54
144,河南科技学院,0,59,17,18,20,10,53,65,6,57,83,76,68,16,29,18,86,64,53,42,23,7,54,11,44,55,30
145,哈尔滨工业大学,91,33,60,32,89,88,60,47,0,93,12,12,30,10,5,62,12,45,38,39,56,57,81,92,27,73,35
146,四川大学,20,78,36,95,76,74,84,32,91,81,40,95,69,34,26,59,78,92,5,42,17,1,29,57,26,70,12
147,湖南师范大学,0,98,97,9,0,1,49,28,55,89,18,88,76,58,24,54,37,88,51,53,69,76,32,82,11,65,8
148,沈阳农业大学,97,69,21,87,53,81,100,20,76,82,94,20,7,23,26,29,76,7,0,44,66,54,59,85,60,100,53
149,河南工业大学,59,70,93,67,99,24,5,13,51,73,63,30,91,96,24,22,4,99,61,39,55,69,73,63,66,66,1
150,大连医科大学,69,60,4,28,1,25,45,77,62,66,83,59,59,98,88,13,27,14,82,6,51,15,12,82,52,43,64
151,贵州大学,77,87,91,96,27,67,23,75,43,48,40,62,84,52,64,52,84,57,36,6,4,20,37,5,53,73,13
152,内蒙古大学,84,85,44,5,81,29,3,60,19,52,45,59,4,98,61,30,47,74,90,39,76,86,51,45,61,28,80
153,徐州医学院,86,9,89,58,52,37,38,45,76,77,92,30,83,99,96,25,88,74,73,25,67,50,71,59,60,29,9
154,长沙理工大学,55,52,42,56,100,100,70,19,89,78,33,90,2,54,62,0,40,68,57,60,95,38,62,5,11,72,45
155,黑龙江中医药大学,46,58,50,92,49,2,60,79,55,32,88,35,32,76,66,46,53,27,74,33,98,93,31,26,56,9,17
156,新疆大学,29,9,24,45,65,37,14,18,97,13,50,25,51,39,8,61,35,48,85,27,70,71,71,77,82,50,17
157,杭州师范大学,20,59,44,33,39,93,50,43,93,81,64,53,69,89,66,37,46,42,85,97,30,96,83,31,34,21,69
158,温州医科大学,69,72,20,81,29,55,2,21,54,43,18,77,27,77,64,87,0,98,16,37,11,74,69,3,51,19,30
159,齐齐哈尔大学,10,93,100,93,38,59,3,55,29,77,71,96,29,51,31,61,49,11,67,82,31,30,95,24,97,46,88
160,大连工业大学,17,28,86,63,54,2,12,40,86,32,94,73,7,58,1,68,36,84,6,32,60,88,91,100,60,93,72
161,东北农业大学,0,97,85,41,95,97,80,93,14,69,63,41,67,94,99,6,18,19,59,37,33,37,40,47,0,39,12
162,复旦大学,81,35,3,3,100,37,98,18,80,8,9,21,13,97,1,97,80,39,32,10,86,36,44,20,16,88,83
163,北京邮电大学,18,3,89,49,19,40,69,64,76,29,78,57,4,53,22,99,17,63,8,33,87,18,81,67,41,4,15
164,淮阴工学院,78,29,54,39,81,35,67,55,41,23,88,34,15,76,41,78,32,94,64,23,96,45,51,64,1,95,13
165,武汉科技大学,25,19,55,77,71,66,32,69,73,52,78,20,37,22,79,46,42,93,8,94,48,14,90,79,90,47,65
166,深圳大学,76,30,30,83,32,59,31,20,9,43,65,22,7,40,66,77,57,94,89,6,88,61,11,85,61,52,29
167,南京大学,64,54,85,42,93,98,68,2,33,8,63,62,74,88,18,89,20,85,91,83,46,42,96,60,59,43,88
168,浙江工业大学,63,67,29,71,100,67,38,92,70,98,16,25,68,61,21,23,72,86,3,21,87,72,29,28,35,52,34
169,中原工学院,49,33,82,51,71,23,73,44,45,81,63,51,12,77,12,77,7,92,16,33,98,97,62,54,76,28,92
170,福建医科大学,59,84,84,33,3,5,2,95,8,78,82,64,61,73,81,85,9,89,41,40,65,34,20,12,65,23,45
171,天津大学,5,14,100,70,2,99,6,20,83,49,80,73,82,4,16,100,79,52,31,19,12,47,96,22,87,4,99
172,南京林业大学,38,85,45,87,35,20,7,67,68,71,58,43,44,88,97,98,19,39,45,100,82,76,58,2,29,26,74
173,哈尔滨工程大学,98,82,2,8,73,0,19,52,50,0,61,44,50,85,9,16,73,88,83,12,63,1,74,21,16,86,47
174,聊城大学,37,62,27,80,58,69,3,81,65,8,28,75,52,26,37,47,46,4,95,61,17,64,33,8,3,48,81
175,渤海大学,68,72,4,86,96,10,3,47,49,11,17,62,33,88,96,62,63,97,23,21,89,36,45,79,96,77,25
176,湖北大学,24,53,66,6,87,27,0,65,6,87,15,25,67,39,57,47,22,0,34,27,16,59,63,53,88,88,49
177,华中科技大学,44,39,29,7,34,51,10,31,71,68,97,93,79,27,87,87,78,46,93,7,88,73,91,6,61,19,18
178,南京师范大学,66,86,66,11,37,57,31,96,30,96,37,17,14,27,86,78,26,2,13,37,28,34,10,17,12,51,42
179,上海海事大学,81,92,51,16,80,67,95,39,35,15,6,55,33,55,30,79,95,74,32,48,87,89,41,56,25,66,1
180,苏州大学,59,51,85,26,99,85,75,41,22,79,20,8,29,40,87,1,88,63,3,76,19,16,48,12,23,1,57
181,延边大学,50,49,31,24,46,88,63,10,79,3,80,5,38,38,60,35,16,83,32,97,11,32,96,48,19,72,78
182,天津医科大学,93,43,20,33,66,11,32,65,64,35,82,64,44,62,40,95,78,27,47,56,67,29,49,70,100,81,93
183,海南大学,1,61,27,40,83,23,12,67,97,13,13,76,61,8,31,11,35,66,25,21,34,41,73,11,68,62,96
184,长安大学,63,73,26,0,2,63,0,84,26,75,51,5,73,27,10,62,52,48,77,63,95,5,31,47,90,15,66
185,武汉理工大学,11,94,21,40,6,61,4,10,16,19,81,73,64,6,83,80,48,43,41,65,88,66,89,77,60,73,64
186,山东理工大学,34,100,73,92,8,19,57,26,14,0,27,87,87,85,73,65,0,22,78,90,50,80,61,30,83,60,33
187,山东科技大学,19,83,79,77,6,55,27,78,29,36,9,29,7,6,68,10,11,51,63,24,67,21,0,96,43,42,86
188,中国计量学院,8,95,82,33,7,14,32,17,57,43,71,38,30,96,5,42,74,9,25,8,90,60,93,88,77,89,28
189,沈阳大学,49,91,45,80,17,91,85,98,50,24,22,64,69,69,20,95,65,40,80,93,48,84,4,26,61,79,85
190,上海交通大学,45,9,33,35,18,67,9,98,19,84,52,91,43,13,55,49,23,66,97,57,34,1,25,77,70,49,23
191,河南大学,48,25,85,40,53,20,23,49,17,22,100,51,23,36,82,4,77,23,75,1,31,50,70,79,76,48,5
192,南京航空航天大学,84,27,93,58,30,31,36,81,2,99,62,64,30,24,37,19,74,57,21,95,41,73,1,34,44,52,70
193,吉林师范大学,1,82,24,3,63,96,93,54,2,30,9,33,80,61,87,44,41,7,51,60,37,69,98,68,75,9,11
194,淮海工学院,25,85,88,31,13,47,8,50,76,30,15,89,99,83,94,31,76,85,70,54,65,90,74,48,56,96,54
195,浙江工商大学,54,95,74,19,48,41,11,69,25,65,17,33,81,74,97,5,14,92,91,27,78,86,71,55,62,91,9
196,济南大学,34,96,57,96,83,77,34,16,55,15,85,0,63,14,82,94,65,68,23,75,20,28,53,91,41,63,24
197,温州大学,73,67,84,81,60,21,4,0,36,29,76,88,79,86,62,13,4,6,43,41,60,99,84,67,14,93,77
198,山西师范大学,11,67,16,71,3,73,1,17,45,78,40,43,31,95,60,16,96,75,48,61,99,55,61,72,81,50,25
199,上海理工大学,21,74,53,57,32,69,91,31,73,25,29,99,25,92,12,27,99,73,14,45,88,44,27,55,2,16,58
200,河北工程大学,45,63,77,39,79,83,24,19,25,87,5,83,43,51,41,43,81,34,96,43,84,53,51,17,54,84,33
201,南京工业大学,44,9,76,9,90,11,39,79,92,81,45,93,49,69,86,23,67,11,61,27,6,29,44,74,90,81,96
202,山东师范大学,30,72,60,4,77,93,84,44,83,67,7,37,79,27,12,23,90,91,89,5,6,73,30,0,89,18,38
203,湖南科技大学,94,32,62,48,35,86,71,63,27,24,4,96,37,57,20,93,16,88,3,15,81,22,80,1,41,32,79
204,南昌大学,55,51,80,53,17,57,71,54,61,82,28,94,8,36,98,28,1,80,58,8,60,5,74,14,10,78,67
205,中山大学,30,4,43,26,1,32,1,21,72,90,58,10,48,77,19,42,11,59,84,73,41,12,81,18,0,22,57
206,甘肃农业大学,61,18,27,98,52,7,1,30,35,48,67,34,26,12,54,9,9,61,91,69,70,70,12,36,70,59,14
207,淮北师范大学,85,51,60,0,17,86,41,9,10,99,22,95,81,80,38,54,6,49,39,11,81,13,80,9,38,28,1
208,大连海事大学,96,33,70,36,66,77,62,4,66,26,58,82,62,45,33,3,37,10,47,79,13,85,12,3,69,33,18
209,上海大学,90,92,1,28,38,18,62,45,68,41,63,56,83,54,62,96,36,40,48,68,76,86,21,74,54,14,8
210,辽宁工程技术大学,3,60,52,82,0,17,28,14,60,17,19,15,100,50,27,86,89,4,7,93,86,70,45,67,22,67,47
211,大连大学,33,40,89,18,90,40,9,35,84,42,42,33,86,9,65,45,13,73,2,37,77,98,42,99,69,50,40
212,沈阳理工大学,83,70,90,81,23,96,26,60,30,41,93,88,12,57,53,3,81,27,57,91,30,33,15,96,31,49,95
213,北京中医药大学,25,62,91,67,22,35,100,78,94,18,78,73,26,55,12,27,84,47,10,3,65,37,15,21,21,31,41
214,西北农林科技大学,46,22,98,9,31,29,47,8,43,70,60,69,72,14,21,72,21,10,42,37,90,6,11,94,35,74,5
215,广东工业大学,80,19,50,75,97,7,17,61,35,6,26,47,41,43,21,3,20,78,98,89,48,97,25,0,20,5,97
216,西安理工大学,51,84,37,40,51,66,27,86,73,20,99,35,80,52,44,9,13,29,80,66,59,21,18,15,47,46,11
217,北京工业大学,40,40,20,84,17,19,88,50,92,58,66,77,15,61,40,84,94,65,23,41,52,72,40,23,10,83,95
218,中南林业科技大学,32,10,13,4,3,56,100,70,11,92,12,79,25,55,93,45,43,44,16,55,85,21,85,31,59,23,71
219,西安邮电大学,43,55,33,89,6,23,54,46,67,91,48,8,48,89,45,75,82,64,19,89,85,54,28,63,30,93,40
220,上海师范大学,46,90,43,5,51,36,71,2,24,54,75,12,25,78,62,90,32,39,84,81,60,79,57,10,16,17,9
221,河北师范大学,29,25,37,11,75,76,74,36,7,94,57,37,39,80,21,80,86,68,38,48,17,76,44,40,49,78,1
222,东南大学,12,66,36,32,11,98,58,93,15,0,72,99,76,0,53,55,59,67,7,45,44,0,24,17,80,7,29
223,北京师范大学,61,64,7,56,34,30,89,22,24,67,30,88,61,13,60,26,82,94,55,42,76,52,8,62,24,45,79
224,河南农业大学,63,64,90,57,62,9,42,77,82,20,60,35,27,38,5,87,59,69,77,100,63,74,59,44,92,50,23
225,北京建筑大学,6,85,37,13,78,72,8,86,75,45,82,76,55,89,69,98,80,61,23,47,98,85,90,64,46,59,94
226,北京航空航天大学,45,7,73,92,66,34,55,57,9,88,49,61,47,30,7,92,96,68,65,1,45,13,72,92,29,79,51
227,大连理工大学,13,71,51,41,41,29,80,53,17,71,11,69,98,97,42,7,89,16,9,10,22,68,38,41,13,8,6
228,南京农业大学,27,14,51,10,31,83,75,19,72,5,22,99,38,39,82,14,39,48,36,99,10,26,92,13,35,65,94
229,辽宁医学院,38,65,56,58,26,48,0,63,79,76,1,17,7,41,2,57,9,1,34,21,16,61,43,15,66,80,72
230,中南大学,0,78,75,43,95,90,68,3,17,60,20,27,46,66,48,32,98,58,11,90,18,1,69,53,94,79,11
231,成都中医药大学,35,24,24,2,80,65,20,97,13,40,1,85,76,46,59,49,10,41,54,49,1,51,52,100,41,47,87
232,南京邮电大学,67,98,5,54,6,55,34,38,91,79,36,38,65,26,61,18,82,58,51,66,65,0,24,1,28,41,59
233,北华大学,36,39,85,35,33,49,41,33,23,83,99,44,78,15,45,96,8,13,49,12,67,62,23,89,61,80,41
234,北方工业大学,24,70,29,25,91,45,27,84,39,99,60,77,23,100,58,74,16,34,24,39,4,0,43,79,68,42,15
235,同济大学,28,23,58,22,80,90,48,20,5,15,57,58,96,36,41,21,14,18,46,56,70,53,58,18,12,66,20
236,桂林电子科技大学,19,30,34,83,84,71,62,30,45,67,24,95,80,69,17,62,54,79,72,30,18,12,31,39,74,84,96
237,齐鲁工业大学,92,9,93,13,73,89,59,28,14,77,0,39,6,42,47,59,62,63,18,39,78,8,20,74,100,96,10
238,北京交通大学,8,32,10,86,47,55,18,100,94,28,38,35,33,72,77,54,78,99,62,73,54,27,74,55,79,46,12
239,西南石油大学,73,23,63,9,15,97,33,6,14,61,41,9,63,23,22,88,52,77,33,80,73,68,71,12,0,80,38
240,盐城工学院,17,53,50,60,81,27,54,26,61,92,70,30,73,66,11,80,70,77,41,70,34,54,47,25,62,91,100
241,山东农业大学,30,53,34,47,73,88,57,95,65,26,85,18,60,49,75,60,9,85,40,95,88,80,16,68,92,36,91
242,西安建筑科技大学,74,6,88,58,21,18,30,0,30,27,56,62,0,57,74,64,70,54,93,2,19,45,0,45,56,62,54
243,中国科学技术大学,65,79,18,7,94,7,12,82,69,6,90,75,100,10,65,11,35,58,71,34,22,79,82,19,72,79,48
244,河北大学,99,2,59,36,74,96,78,16,37,21,36,4,8,90,27,79,94,91,76,32,67,91,56,85,6,87,3
245,北京工商大学,8,80,51,2,45,25,85,47,93,7,78,6,1,93,60,22,42,78,29,25,73,72,20,64,96,54,71
246,河南师范大学,83,12,73,78,99,38,61,26,86,21,41,1,36,8,55,33,55,7,24,34,68,16,87,69,58,79,8
247,大连民族大学,2,80,82,49,25,100,42,1,14,80,16,3,35,39,65,80,95,89,78,36,53,12,54,27,45,51,87
248,河北科技大学,39,26,51,84,18,22,37,27,27,40,16,26,21,19,63,14,15,18,83,91,93,94,89,77,54,3,63
249,临沂大学,72,77,51,34,36,73,54,90,42,22,66,28,44,30,60,100,60,87,67,54,85,7,3,23,91,19,2
250,四川医科大学,8,52,62,37,20,56,64,61,78,96,73,76,2,21,88,40,16,49,23,51,66,23,21,23,62,90,88
251,江西师范大学,10,92,58,21,34,6,41,51,8,91,9,63,64,39,39,88,85,88,98,29,77,66,100,28,4,41,67
252,福建师范大学,75,38,93,42,62,38,80,96,63,70,86,44,41,17,27,78,52,69,85,58,86,14,23,43,10,74,95
253,长春工业大学,95,82,2,68,11,46,61,1,26,55,22,59,51,73,25,79,96,53,27,85,10,60,4,19,19,74,85
254,清华大学,83,18,9,30,68,1,3,81,78,63,96,9,54,49,27,16,56,52,92,15,20,5,61,45,91,92,98
255,云南师范大学,58,9,95,99,94,87,55,55,74,33,42,77,67,5,89,39,17,59,82,22,50,75,80,23,53,84,92
256,浙江中医药大学,19,60,66,66,22,10,22,27,13,31,88,46,1,13,0,84,92,23,28,21,77,15,10,99,15,35,78
257,长春理工大学,67,91,92,55,26,41,83,77,29,0,26,99,50,28,65,31,82,69,65,11,85,69,33,79,45,25,24
258,南京理工大学,16,28,3,63,94,11,84,45,99,12,8,3,60,99,66,40,45,39,71,21,16,52,37,48,16,98,46
259,西安工程大学,64,94,26,30,2,98,45,90,27,67,35,31,92,42,63,37,5,21,86,94,55,54,21,67,73,8,19
260,吉林大学,85,3,74,40,55,91,87,3,54,9,43,25,54,48,72,76,34,36,73,89,71,8,2,79,30,56,60
261,吉林农业大学,3,79,9,47,71,80,41,52,32,97,15,72,12,10,17,36,45,47,29,75,6,0,29,58,36,34,51
262,宁夏大学,57,16,94,3,2,68,33,94,56,33,61,77,27,33,37,80,85,76,32,1,47,15,37,46,51,66,89
263,青岛科技大学,0,40,26,34,15,60,11,27,39,30,3,97,34,70,50,49,98,24,56,5,18,76,7,71,34,83,46
264,东华大学,92,75,95,31,42,99,48,17,94,67,40,74,1,53,11,17,78,40,38,55,87,1,30,59,16,1,24
265,中国地质大学,8,84,0,46,89,75,3,23,3,90,42,88,87,82,58,65,56,99,62,78,5,89,18,89,43,38,21
266,华南理工大学,82,44,12,67,87,58,28,75,96,37,95,35,80,58,27,85,72,16,9,29,45,63,0,79,97,60,14
267,安徽理工大学,86,31,21,79,87,88,47,39,57,26,52,79,88,32,82,56,87,39,9,46,89,54,16,94,84,26,25
268,东北大学,87,71,30,4,4,71,81,22,4,57,41,98,34,79,60,47,26,43,42,68,65,42,91,25,33,4,21
269,江西农业大学,76,64,20,14,69,84,95,3,99,39,60,36,92,94,36,33,64,96,76,90,83,92,23,23,39,66,53
270,南通大学,32,62,25,46,54,21,95,58,52,61,49,50,32,15,70,0,54,47,93,68,29,52,4,93,64,68,55
271,广西大学,50,28,88,60,53,40,77,88,47,51,27,88,53,27,12,28,75,50,83,100,29,56,84,15,12,16,5
1,1,0,0,0,0,0,0,0,0,0,0,0,0,0,0,0,0,0,0,0,0,1,1,1,1,1,1,1
0,0,0,0,0,1,0,0,0,1,0,0,1,0,0,0,0,0,0,1,1,1,1,0,1,1,1,1,1